Site,Year,Sugar Kelp_M,Sugar Kelp_SE,Acid Weed_M,Acid Weed_SE,5-Ribbed Kelp_M,5-Ribbed Kelp_SE,Bull Kelp_M,Bull Kelp_SE,Striped Perch_M,Striped Perch_SE,Buffalo Sculpin_M,Buffalo Sculpin_SE,Shiner Perch_M,Shiner Perch_SE,Forage Fish_M,Forage Fish_SE,Kelp Crab_M,Kelp Crab_SE,Rock Crab_M,Rock Crab_SE,Mottled Star_M,Mottled Star_SE,Large Anemone_M,Large Anemone_SE
7751 Reef,2023,18.1666666666667,6.47259178725528,0.0,0.0,8.66666666666667,8.26908566758005,2.33333333333333,1.66666666666667,0.0,0.0,0.0,0.0,0.0,0.0,0.0,0.0,0.666666666666667,0.494413232473044,0.0,0.0,0.0,0.0,0.333333333333333,0.210818510677892
7751 Reef,2024,33.3333333333333,7.56159889029944,0.0,0.0,1.83333333333333,0.872416821886827,3.5,3.30403793359984,0.0,0.0,0.0,0.0,0.0,0.0,0.0,0.0,0.5,0.5,0.0,0.0,0.0,0.0,0.5,0.223606797749979
7751 Reef,2022,,,,,,,,,,,,,,,,,,,,,,,,
7751 Reef,2021,,,,,,,,,,,,,,,,,,,,,,,,
Blake Island South,2023,63.2222222222222,44.2370438589958,8.0,7.21572357194112,23.6666666666667,5.48128127762519,8.5,6.04841577054135,1.77777777777778,0.424383871392103,0.444444444444444,0.166121111465867,0.111111111111111,0.111111111111111,5.55555555555556,3.25618789727612,0.333333333333333,0.333333333333333,0.5,0.341565025531987,0.833333333333333,0.30731814857643,0.0,0.0
Blake Island South,2024,30.3255813953488,11.5517287603858,18.5,5.96517672272443,75.8333333333333,37.5937876056028,36.5,15.2331874537143,0.222222222222222,0.172553971012341,0.944444444444444,0.285513208629839,2.61111111111111,1.86669973515683,0.0,0.0,1.0,0.516397779494322,0.833333333333333,0.401386485959743,2.0,0.577350269189626,0.0,0.0
Blake Island South,2022,88.7091097308489,34.9266525174126,7.5,2.90688837074973,16.6666666666667,2.53859103528797,20.3333333333333,7.27400241346613,1.33333333333333,0.714920352984241,0.166666666666667,0.166666666666667,0.0,0.0,58.3333333333333,58.3333333333333,0.666666666666667,0.210818510677892,1.16666666666667,0.65404722901162,0.5,0.341565025531987,0.0,0.0
Blake Island South,2021,,,,,,,,,,,,,,,,,,,,,,,,
Burrows Lighthouse,2023,16.6200345423143,12.2434708129962,8.0,4.04145188432738,64.4723353558862,30.1919476382379,64.8857345609506,16.9017173335854,0.15,0.109424330980483,0.05,0.05,0.3,0.3,0.0,0.0,0.0,0.0,0.0,0.0,0.166666666666667,0.166666666666667,0.166666666666667,0.166666666666667
Burrows Lighthouse,2024,6.0,4.29728596519555,7.83333333333333,2.85676584814211,99.2136083451873,44.1462958820961,65.8956350369561,17.9837636608487,0.0,0.0,0.05,0.05,2.1,1.99723493070321,0.0,0.0,0.166666666666667,0.166666666666667,0.0,0.0,0.0,0.0,0.0,0.0
Burrows Lighthouse,2022,9.16666666666667,5.43701306887441,10.0,6.16441400296898,24.5,15.8466610573542,33.75,15.8722766692956,0.111111111111111,0.111111111111111,0.0,0.0,0.0,0.0,1.38888888888889,1.12934386899526,1.16666666666667,0.600925212577332,0.0,0.0,0.333333333333333,0.210818510677892,0.0,0.0
Burrows Lighthouse,2021,,,,,,,,,,,,,,,,,,,,,,,,
Cates Park,2023,,,,,,,,,,,,,,,,,,,,,,,,
Cates Park,2024,13.6666666666667,4.05517502019881,0.333333333333333,0.333333333333333,0.0,0.0,0.0,0.0,0.0,0.0,0.0,0.0,2.33333333333333,2.33333333333333,0.0,0.0,0.0,0.0,2.33333333333333,0.666666666666667,1.33333333333333,0.494413232473044,0.333333333333333,0.210818510677892
Cates Park,2022,,,,,,,,,,,,,,,,,,,,,,,,
Cates Park,2021,,,,,,,,,,,,,,,,,,,,,,,,
Cattle Point,2023,29.5497835497835,14.5468079405405,3.66666666666667,2.71620650499512,10.1666666666667,3.37062473602611,1.16666666666667,0.401386485959743,0.611111111111111,0.30399183951131,0.0,0.0,0.111111111111111,0.111111111111111,5.72222222222222,5.54824682640997,1.83333333333333,0.945750730607407,0.333333333333333,0.333333333333333,0.0,0.0,2.0,0.930949336251263
Cattle Point,2024,209.454545454545,88.1829740630273,54.0454545454545,35.5619681860723,11.75,3.47311099736245,3.75,2.83945417290014,1.25,0.946484724300046,0.0,0.0,0.0,0.0,16.25,16.25,1.25,0.25,1.0,0.577350269189626,0.0,0.0,0.5,0.5
Cattle Point,2022,,,,,,,,,,,,,,,,,,,,,,,,
Cattle Point,2021,,,,,,,,,,,,,,,,,,,,,,,,
Clallam Bay West,2023,13.8333333333333,6.78437747901588,8.0,3.24550971857016,0.0,0.0,4.33333333333333,3.5932034608565,0.0,0.0,0.0,0.0,0.0,0.0,0.0,0.0,0.166666666666667,0.166666666666667,0.0,0.0,1.5,1.31021626713557,1.66666666666667,0.988826464946088
Clallam Bay West,2024,7.16666666666667,2.99351150175026,3.5,1.62788205960997,0.0,0.0,6.83333333333333,2.42784769795069,0.421052631578947,0.279052170536612,0.0,0.0,0.0,0.0,1.57894736842105,1.57894736842105,0.166666666666667,0.166666666666667,0.0,0.0,0.0,0.0,2.33333333333333,1.28235893744476
Clallam Bay West,2022,,,,,,,,,,,,,,,,,,,,,,,,
Clallam Bay West,2021,,,,,,,,,,,,,,,,,,,,,,,,
Dallas Banks,2023,131.0599695692,21.963553838424,3.66666666666667,1.66666666666667,23.5,3.90512483795333,0.0,0.0,0.944444444444444,0.944444444444445,0.0555555555555556,0.0555555555555556,0.0,0.0,7.72222222222222,4.03401027827145,1.0,0.365148371670111,1.0,0.258198889747161,0.0,0.0,0.166666666666667,0.166666666666667
Dallas Banks,2024,114.922535211268,62.3395923962951,14.5,6.3285069329187,5.83333333333333,2.54841998980632,0.0,0.0,0.0,0.0,0.0,0.0,0.0,0.0,26.3636363636364,17.2898070032651,0.833333333333333,0.401386485959743,3.0,1.0,0.666666666666667,0.333333333333333,0.166666666666667,0.166666666666667
Dallas Banks,2022,,,,,,,,,,,,,,,,,,,,,,,,
Dallas Banks,2021,,,,,,,,,,,,,,,,,,,,,,,,
Deadmans Bay,2023,131.414610792001,50.3815813210562,11.5,5.92030404624627,2.66666666666667,0.802772971919486,2.66666666666667,2.47206616236522,0.222222222222222,0.222222222222222,0.0,0.0,0.0555555555555556,0.0555555555555556,0.0,0.0,0.5,0.341565025531987,0.166666666666667,0.166666666666667,0.0,0.0,0.5,0.223606797749979
Deadmans Bay,2024,60.3195659730093,20.628259200785,0.166666666666667,0.166666666666667,3.0,1.78885438199983,3.66666666666667,1.60554594383897,0.333333333333333,0.140028008402801,0.0555555555555556,0.0555555555555556,1.83333333333333,1.66519542906935,89.1666666666667,42.7491734430662,0.5,0.341565025531987,0.5,0.341565025531987,0.166666666666667,0.166666666666667,0.0,0.0
Deadmans Bay,2022,77.4375461936438,32.3925231505377,0.166666666666667,0.166666666666667,5.33333333333333,1.49814700361628,3.16666666666667,2.77388616284887,0.157894736842105,0.115042781128105,0.0,0.0,0.0,0.0,74.2105263157895,31.4681291426579,1.0,0.447213595499958,0.166666666666667,0.166666666666667,0.0,0.0,0.666666666666667,0.494413232473044
Deadmans Bay,2021,,,,,,,,,,,,,,,,,,,,,,,,
Derelict Conveyor,2023,217.268170426065,20.2480242357964,0.166666666666667,0.166666666666667,0.0,0.0,3.83333333333333,2.03988017077257,0.0,0.0,0.0,0.0,0.0,0.0,6.05555555555556,5.65019070892338,3.0,1.29099444873581,3.33333333333333,0.954521404218424,7.66666666666667,0.918936583472682,0.0,0.0
Derelict Conveyor,2024,148.697019811813,35.8253344708669,12.1666666666667,6.53409859463755,4.66666666666667,1.52023390013218,43.7993197278912,29.5652995797147,0.0,0.0,0.0555555555555556,0.0555555555555556,0.0,0.0,19.4444444444444,16.7346109625175,0.166666666666667,0.166666666666667,8.16666666666667,3.20849566688884,3.0,1.03279555898864,0.0,0.0
Derelict Conveyor,2022,213.243970644404,67.9841911056329,4.66666666666667,1.80123414481417,8.83333333333333,6.25255503329994,22.3333333333333,6.49444206824403,0.0,0.0,0.0555555555555556,0.0555555555555556,0.0,0.0,1.0,1.0,0.333333333333333,0.333333333333333,3.66666666666667,0.802772971919486,1.66666666666667,1.11554670204543,2.5,0.428174419288838
Derelict Conveyor,2021,,,,,,,,,,,,,,,,,,,,,,,,
Devils Head,2023,25.6666666666667,10.3301070232167,33.6666666666667,19.0659673531429,4.33333333333333,2.49888864186551,0.0,0.0,0.0,0.0,0.181818181818182,0.0841654636156865,29.9545454545455,7.4326637457998,11.3636363636364,9.26510594191536,8.5,3.81007436497855,1.16666666666667,0.166666666666667,0.166666666666667,0.166666666666667,2.0,1.63299316185545
Devils Head,2024,28.8333333333333,6.31092527112925,17.0,5.69209978830308,0.0,0.0,0.0,0.0,0.0,0.0,0.0,0.0,8.55555555555556,6.99169545775568,0.0,0.0,4.66666666666667,1.42984070596848,0.666666666666667,0.210818510677892,0.166666666666667,0.166666666666667,0.166666666666667,0.166666666666667
Devils Head,2022,4.33333333333333,2.40370085030933,4.66666666666667,2.20100986922922,0.0,0.0,0.0,0.0,0.166666666666667,0.166666666666667,0.222222222222222,0.129239999563956,8.94444444444444,5.89697619545971,0.0,0.0,2.5,1.11803398874989,6.0,2.87518115371304,0.0,0.0,2.66666666666667,1.28235893744476
Devils Head,2021,,,,,,,,,,,,,,,,,,,,,,,,
Eagle Cove,2023,99.1556934959789,45.6965832235314,1.5,1.31021626713557,16.6666666666667,5.99258801446513,38.0,32.6231002001138,0.523809523809524,0.202590927487454,0.0476190476190476,0.0476190476190476,0.0476190476190476,0.0476190476190476,0.0,0.0,0.333333333333333,0.333333333333333,0.166666666666667,0.166666666666667,0.333333333333333,0.210818510677892,1.66666666666667,0.557773351022717
Eagle Cove,2024,37.3333333333333,16.8512006386181,0.5,0.341565025531987,5.0,3.0441200151549,2.5,1.1474609652039,0.444444444444444,0.120516921010365,0.0555555555555556,0.0555555555555556,1.55555555555556,0.677472340907186,54.4444444444444,27.1189852488908,1.0,0.632455532033676,0.0,0.0,0.166666666666667,0.166666666666667,2.66666666666667,1.14503760248784
Eagle Cove,2022,,,,,,,,,,,,,,,,,,,,,,,,
Eagle Cove,2021,,,,,,,,,,,,,,,,,,,,,,,,
Ebeys Landing,2023,33.3854166666667,22.665102676588,247.33509688549,90.5823159221046,8.33333333333333,4.16866618689693,268.625178175393,144.038496210588,0.0,0.0,0.0,0.0,0.0,0.0,23.5789473684211,8.48263302850815,0.833333333333333,0.401386485959743,0.666666666666667,0.494413232473044,0.0,0.0,2.16666666666667,0.872416821886827
Ebeys Landing,2024,29.3049645390071,7.8645958966929,206.594808290115,102.900149236831,18.1666666666667,7.66557963308132,60.679802955665,33.1482523104539,0.0,0.0,0.105263157894737,0.0723351864143449,1.15789473684211,0.773324099667866,10.9473684210526,10.3000237563487,0.0,0.0,0.0,0.0,1.16666666666667,0.833333333333333,1.66666666666667,0.494413232473044
Ebeys Landing,2022,192.302329861755,45.686329845774,31.0518763796909,15.7637790803433,3.66666666666667,2.31900361745681,13.3333333333333,6.47902598989831,0.0555555555555556,0.0555555555555556,0.277777777777778,0.135414048072553,0.0,0.0,21.2222222222222,12.3321556288676,6.0,2.08166599946613,2.5,0.670820393249937,0.0,0.0,0.833333333333333,0.542627353203324
Ebeys Landing,2021,,,,,,,,,,,,,,,,,,,,,,,,
Edmonds Shell Creek,2023,154.506243815893,27.3700271973769,69.5926473935807,32.2605560425073,12.5,3.70360185045135,5.66666666666667,2.01108041719978,0.0,0.0,0.0,0.0,1.11111111111111,1.11111111111111,15.0,10.3611264434168,2.83333333333333,1.13773654439173,2.33333333333333,0.333333333333333,2.0,0.816496580927726,0.666666666666667,0.494413232473044
Edmonds Shell Creek,2024,96.6155967303986,17.3691900169468,8.66666666666667,3.33333333333333,7.83333333333333,2.05615606843882,34.7916666666667,32.7997978059486,0.2,0.1555973210431,0.0,0.0,0.95,0.697646419266801,4.0,4.0,3.16666666666667,1.93935842770518,1.0,0.632455532033676,1.66666666666667,0.666666666666667,0.833333333333333,0.477260702109212
Edmonds Shell Creek,2022,138.132866964385,43.7541353532581,2.66666666666667,1.70619785227596,7.0,2.58198889747161,16.5,6.21691241694782,0.111111111111111,0.0762215933966706,0.0,0.0,0.666666666666667,0.666666666666667,1.05555555555556,0.618200118952874,11.6666666666667,2.27547308878347,6.33333333333333,1.78263226094946,1.83333333333333,1.27584394726698,0.666666666666667,0.333333333333333
Edmonds Shell Creek,2021,156.865878725591,58.2279313256168,20.3333333333333,9.34404147631586,1.66666666666667,1.30809445802324,58.9571984435798,20.9359969778614,2.66666666666667,2.66666666666667,0.0,0.0,,,,,9.0,4.34357763446985,26.0,5.39135109844153,2.33333333333333,0.954521404218424,11.6666666666667,2.70390663875643
Elliot Bay Marina,2023,,,,,,,,,,,,,,,,,,,,,,,,
Elliot Bay Marina,2024,0.0,0.0,0.0,0.0,1.5,0.428174419288838,6.0,2.59486672747048,3.5,1.52206000757745,0.0,0.0,2.16666666666667,1.42400062421959,0.0,0.0,1.66666666666667,0.210818510677892,1.0,0.365148371670111,31.6578947368421,10.7367797555809,0.0,0.0
Elliot Bay Marina,2022,,,,,,,,,,,,,,,,,,,,,,,,
Elliot Bay Marina,2021,,,,,,,,,,,,,,,,,,,,,,,,
Ferguson Point,2023,,,,,,,,,,,,,,,,,,,,,,,,
Ferguson Point,2024,4.5,2.87228132326901,0.0,0.0,0.0,0.0,0.0,0.0,0.0,0.0,0.0,0.0,0.2,0.2,0.0,0.0,0.0,0.0,0.166666666666667,0.166666666666667,1.33333333333333,0.494413232473044,0.166666666666667,0.166666666666667
Ferguson Point,2022,,,,,,,,,,,,,,,,,,,,,,,,
Ferguson Point,2021,,,,,,,,,,,,,,,,,,,,,,,,
Foulweather Bluff,2023,27.8333333333333,14.7205449778344,15.4972451790634,9.48676804394505,7.0,4.25049016781202,2.16666666666667,1.19489655526233,0.0,0.0,1.05555555555556,0.220993334152898,49.8888888888889,23.3779529802824,1.38888888888889,1.38888888888889,0.333333333333333,0.210818510677892,2.5,0.991631652042901,4.16666666666667,1.19489655526233,0.666666666666667,0.421637021355784
Foulweather Bluff,2024,19.8333333333333,8.93090763086883,10.3333333333333,5.9142013643245,17.3333333333333,8.93930148899292,5.5,3.08490950704663,0.0,0.0,1.0,0.342997170285018,32.4444444444444,18.1524449139611,5.83333333333333,5.83333333333333,0.166666666666667,0.166666666666667,3.33333333333333,1.17378779077727,8.33333333333333,3.26258248086458,1.0,0.516397779494322
Foulweather Bluff,2022,21.3333333333333,8.80025252162939,20.1666666666667,13.3302079670365,2.83333333333333,1.30170827931778,20.5,7.54873057760928,0.0,0.0,0.571428571428571,0.428571428571429,0.571428571428571,0.571428571428571,30.7142857142857,28.2932890290548,6.0,2.16024689946929,6.66666666666667,1.38242942355518,1.66666666666667,0.843274042711568,0.166666666666667,0.166666666666667
Foulweather Bluff,2021,,,,,,,,,,,,,,,,,,,,,,,,
Fox Island East Wall,2023,42.1315789473684,7.57811581695477,26.6874039938556,9.82154230360908,1.83333333333333,0.792324288266981,0.0,0.0,5.15789473684211,2.91824584606881,0.894736842105263,0.240549284224598,22.6315789473684,5.76904956664714,17.3684210526316,17.3684210526316,6.33333333333333,1.90904280843685,2.83333333333333,1.04615698843168,21.5,11.1347803450869,0.0,0.0
Fox Island East Wall,2024,16.5,6.21691241694782,30.3918918918919,15.1559601742839,0.0,0.0,0.0,0.0,0.833333333333333,0.542627353203324,1.0,0.258198889747161,0.0,0.0,0.0,0.0,6.83333333333333,2.45515331044271,2.0,0.516397779494322,3.0,1.43759057685652,0.0,0.0
Fox Island East Wall,2022,,,,,,,,,,,,,,,,,,,,,,,,
Fox Island East Wall,2021,,,,,,,,,,,,,,,,,,,,,,,,
Freshwater Bay,2023,27.5747126436782,15.2745508548764,13.3333333333333,5.14889416390657,26.9166666666667,8.82837911384518,63.4250480461243,31.6130088957139,0.0,0.0,0.0,0.0,0.0,0.0,1297.77777777778,752.254913318268,0.166666666666667,0.166666666666667,0.0,0.0,0.5,0.223606797749979,0.166666666666667,0.166666666666667
Freshwater Bay,2024,20.8333333333333,5.67695145106753,13.3333333333333,2.92878435153184,71.2873563218391,46.3903953480918,140.06015037594,62.4343072021472,0.0,0.0,0.0,0.0,0.0,0.0,234.055555555556,93.737621308156,0.166666666666667,0.166666666666667,0.166666666666667,0.166666666666667,0.166666666666667,0.166666666666667,0.333333333333333,0.210818510677892
Freshwater Bay,2022,23.8333333333333,4.09403359916734,16.5,5.7720591357562,49.3633918683753,12.1354397977927,62.2626418988648,25.281299605954,0.0,0.0,0.277777777777778,0.135414048072553,0.0,0.0,197.944444444444,65.2688994101372,0.166666666666667,0.166666666666667,0.0,0.0,0.166666666666667,0.166666666666667,0.0,0.0
Freshwater Bay,2021,60.8571428571429,40.8757866220675,11.3333333333333,3.12694383988229,105.207977207977,44.2693704230469,71.0,13.9976188451227,0.0,0.0,0.0,0.0,,,,,0.333333333333333,0.333333333333333,0.666666666666667,0.421637021355784,0.0,0.0,0.666666666666667,0.421637021355784
Glen Acres,2023,27.3333333333333,6.35435109021982,6.33333333333333,3.71184290855335,7.16666666666667,2.70082291986062,0.5,0.223606797749979,0.0,0.0,0.0,0.0,1.33333333333333,1.27571586977358,2.11111111111111,2.11111111111111,1.66666666666667,1.08525470640665,2.5,1.05672449894316,3.5,1.08781125813871,0.0,0.0
Glen Acres,2024,56.9478021978022,13.8508000287501,2.33333333333333,1.22927259430572,7.5,2.92973263854116,7.16666666666667,2.05615606843882,0.666666666666667,0.666666666666667,0.0,0.0,0.222222222222222,0.129239999563956,0.0,0.0,3.5,2.34875853732704,1.33333333333333,0.333333333333333,0.666666666666667,0.333333333333333,0.5,0.223606797749979
Glen Acres,2022,,,,,,,,,,,,,,,,,,,,,,,,
Glen Acres,2021,,,,,,,,,,,,,,,,,,,,,,,,
Goby Gardens,2023,0.666666666666667,0.666666666666667,0.0,0.0,0.0,0.0,0.0,0.0,3.94736842105263,1.59030999260401,0.0,0.0,0.0,0.0,0.0,0.0,1.5,1.02469507659596,1.66666666666667,0.494413232473044,3.66666666666667,0.557773351022717,0.0,0.0
Goby Gardens,2024,0.0,0.0,0.0,0.0,0.0,0.0,0.0,0.0,0.315789473684211,0.13361005448884,0.0,0.0,0.105263157894737,0.0723351864143449,0.0,0.0,0.5,0.5,0.666666666666667,0.333333333333333,4.16666666666667,1.13773654439173,0.0,0.0
Goby Gardens,2022,11.6666666666667,11.6666666666667,0.0,0.0,0.0,0.0,0.0,0.0,3.125,1.0601690116832,0.0625,0.0625,0.9375,0.601863425814639,0.0,0.0,0.5,0.5,1.16666666666667,0.749073501808141,12.3333333333333,4.66666666666667,4.0,2.17562251627743
Goby Gardens,2021,,,,,,,,,,,,,,,,,,,,,,,,
Grain Terminal,2023,,,,,,,,,,,,,,,,,,,,,,,,
Grain Terminal,2024,130.706558061821,39.6768996665801,0.0,0.0,22.0,9.87589658377068,13.3333333333333,8.4445906420093,4.44444444444444,0.763643751516511,0.0,0.0,4.44444444444444,2.82983893190715,0.0,0.0,3.33333333333333,1.14503760248784,5.83333333333333,1.35195331937822,10.8333333333333,3.40016339476666,0.166666666666667,0.166666666666667
Grain Terminal,2022,,,,,,,,,,,,,,,,,,,,,,,,
Grain Terminal,2021,,,,,,,,,,,,,,,,,,,,,,,,
Green Point,2023,20.1666666666667,4.02008844568265,58.0643910977744,29.514517984712,6.83333333333333,2.65099562009781,0.833333333333333,0.477260702109212,0.0,0.0,0.0,0.0,0.0,0.0,0.0,0.0,0.0,0.0,0.0,0.0,1.0,0.365148371670111,4.33333333333333,1.38242942355518
Green Point,2024,21.968253968254,20.4101062315207,26.9265536723164,11.2628469778589,28.5065359477124,14.4970712696859,8.33333333333333,5.6134758493389,0.0,0.0,0.0555555555555556,0.0555555555555556,0.0,0.0,0.0,0.0,0.666666666666667,0.666666666666667,0.666666666666667,0.210818510677892,0.5,0.341565025531987,1.5,0.763762615825973
Green Point,2022,,,,,,,,,,,,,,,,,,,,,,,,
Green Point,2021,,,,,,,,,,,,,,,,,,,,,,,,
Jefferson Head,2023,257.876984126984,24.6862476799329,0.5,0.341565025531987,27.5,4.78713553878169,0.0,0.0,0.0,0.0,0.0555555555555556,0.0555555555555556,141.5,58.3340196038063,2.77777777777778,2.25868773799052,2.16666666666667,0.792324288266981,20.8333333333333,1.74005108481843,34.3333333333333,1.60554594383897,5.66666666666667,1.11554670204543
Jefferson Head,2024,201.995084694354,29.1665686086271,22.1666666666667,4.46778592941863,1.33333333333333,0.421637021355784,0.0,0.0,0.0,0.0,0.0555555555555556,0.0555555555555556,8.11111111111111,3.83728601744331,0.0,0.0,1.33333333333333,0.614636297152859,24.3333333333333,2.13957420478416,12.0,2.16024689946929,2.5,0.763762615825973
Jefferson Head,2022,283.810386680212,23.5691684892525,2.83333333333333,1.30170827931778,17.8333333333333,2.76184318486365,0.0,0.0,0.0,0.0,0.0666666666666667,0.0666666666666667,22.7333333333333,20.0441100876629,77.0,22.2528756836162,4.0,1.03279555898864,16.3333333333333,2.59058123036339,15.3333333333333,3.37309617084627,0.333333333333333,0.210818510677892
Jefferson Head,2021,,,,,,,,,,,,,,,,,,,,,,,,
Ketron Island,2023,110.709197819211,21.3992031468503,1.83333333333333,1.0137937550497,2.16666666666667,1.64147630029935,0.0,0.0,0.0,0.0,0.315789473684211,0.109561368392954,0.0,0.0,1.63157894736842,1.19748890853204,0.5,0.5,1.33333333333333,0.714920352984241,1.0,0.365148371670111,0.0,0.0
Ketron Island,2024,121.448393179519,18.0673166369187,0.166666666666667,0.166666666666667,0.666666666666667,0.333333333333333,0.0,0.0,0.5,0.5,0.166666666666667,0.121267812518167,0.0,0.0,0.0,0.0,2.83333333333333,0.65404722901162,1.33333333333333,0.421637021355784,0.0,0.0,0.0,0.0
Ketron Island,2022,154.25974025974,42.2951177893153,1.33333333333333,0.954521404218424,0.333333333333333,0.333333333333333,0.0,0.0,0.0555555555555556,0.0555555555555556,0.222222222222222,0.129239999563956,0.0,0.0,0.0,0.0,1.16666666666667,0.600925212577332,2.83333333333333,1.51474236900024,0.0,0.0,0.0,0.0
Ketron Island,2021,,,,,,,,,,,,,,,,,,,,,,,,
Lawrence Point,2023,29.568306010929,19.9448561955695,1.83333333333333,1.0137937550497,4.16666666666667,3.12427769430169,3.16666666666667,2.19722046635693,1.16666666666667,0.600925212577332,0.0,0.0,0.0,0.0,0.0,0.0,0.0,0.0,0.166666666666667,0.166666666666667,1.0,0.516397779494322,0.166666666666667,0.166666666666667
Lawrence Point,2024,1.66666666666667,1.47572957474524,0.333333333333333,0.210818510677892,3.66666666666667,2.33333333333333,8.33333333333333,4.39444093271387,0.315789473684211,0.171894017037416,0.0,0.0,0.0,0.0,0.0,0.0,0.0,0.0,0.0,0.0,0.5,0.223606797749979,0.333333333333333,0.333333333333333
Lawrence Point,2022,,,,,,,,,,,,,,,,,,,,,,,,
Lawrence Point,2021,,,,,,,,,,,,,,,,,,,,,,,,
Lincoln Park,2023,231.275668000798,32.7374595662988,1.16666666666667,1.16666666666667,52.2083333333333,26.2851682407483,14.1666666666667,7.94739649892411,0.0,0.0,0.0,0.0,0.0,0.0,0.0,0.0,0.333333333333333,0.210818510677892,2.83333333333333,1.04615698843168,7.5,2.32020114070598,0.166666666666667,0.166666666666667
Lincoln Park,2024,91.9780998995984,21.1172543532919,33.0815085158151,15.803517620631,23.6666666666667,3.81808561687369,6.83333333333333,3.58158872258915,0.0,0.0,0.0,0.0,0.368421052631579,0.232083448338999,0.0,0.0,0.666666666666667,0.666666666666667,1.66666666666667,0.666666666666667,2.16666666666667,0.65404722901162,0.0,0.0
Lincoln Park,2022,275.729630729631,107.701747675666,11.0,7.72442015083765,27.3333333333333,3.39280283999986,10.5,3.67650196065046,0.0,0.0,0.0666666666666667,0.0666666666666667,0.133333333333333,0.133333333333333,18.9333333333333,9.66607551558624,0.0,0.0,4.66666666666667,1.33333333333333,1.0,0.516397779494322,0.5,0.5
Lincoln Park,2021,,,,,,,,,,,,,,,,,,,,,,,,
Lions Gate,2023,,,,,,,,,,,,,,,,,,,,,,,,
Lions Gate,2024,14.3333333333333,4.54361578970366,2.33333333333333,1.49814700361628,2.16666666666667,1.0137937550497,21.2727272727273,13.0602966988602,0.277777777777778,0.194794269814722,0.0555555555555556,0.0555555555555556,0.0,0.0,0.0,0.0,0.166666666666667,0.166666666666667,4.5,1.05672449894316,2.33333333333333,1.02198064778373,0.0,0.0
Lions Gate,2022,,,,,,,,,,,,,,,,,,,,,,,,
Lions Gate,2021,,,,,,,,,,,,,,,,,,,,,,,,
Lowell Point,2023,56.5,10.9915706725809,0.666666666666667,0.333333333333333,8.83333333333333,4.75686638216566,48.7941176470588,10.2087637905619,0.0952380952380952,0.0656383273909058,0.0,0.0,46.4285714285714,15.8768431893706,0.0952380952380952,0.0952380952380952,0.333333333333333,0.333333333333333,6.16666666666667,1.62104218877171,10.5,1.76540835691538,0.0,0.0
Lowell Point,2024,94.529611227388,16.5302060778218,0.833333333333333,0.833333333333333,3.5,1.94507926145269,112.274588771355,14.1922618459695,0.166666666666667,0.121267812518167,0.111111111111111,0.0762215933966706,31.3333333333333,10.2188471268195,0.0,0.0,0.166666666666667,0.166666666666667,2.83333333333333,0.30731814857643,7.66666666666667,2.41752858192917,0.0,0.0
Lowell Point,2022,83.9129133278069,40.5728217849363,0.0,0.0,7.5,3.22231800623919,3.83333333333333,1.83333333333333,0.0526315789473684,0.0526315789473684,0.0,0.0,25.9473684210526,14.1298228187801,0.0,0.0,0.5,0.341565025531987,7.66666666666667,2.83627298482435,79.1750700280112,48.1648413059787,0.166666666666667,0.166666666666667
Lowell Point,2021,136.666666666667,63.6446733391291,0.0,0.0,3.0,1.91485421551268,23.1666666666667,17.5734964585246,0.333333333333333,0.242535625036333,0.0555555555555556,0.0555555555555556,,,,,1.33333333333333,0.421637021355784,5.33333333333333,1.02198064778373,2.0,0.930949336251263,0.0,0.0
Lower Elwha,2023,,,,,,,,,,,,,,,,,,,,,,,,
Lower Elwha,2024,11.3333333333333,6.30167526227043,90.9180225281602,49.2717728156904,2.0,1.26491106406735,1.33333333333333,0.421637021355784,0.0,0.0,0.0,0.0,0.0,0.0,0.0,0.0,0.0,0.0,0.166666666666667,0.166666666666667,0.0,0.0,0.666666666666667,0.333333333333333
Lower Elwha,2022,,,,,,,,,,,,,,,,,,,,,,,,
Lower Elwha,2021,,,,,,,,,,,,,,,,,,,,,,,,
Magnolia,2023,172.451298701299,52.0331083365052,0.0,0.0,4.83333333333333,3.56292638773866,6.16666666666667,4.25375650977397,0.0,0.0,0.166666666666667,0.166666666666667,0.0,0.0,0.0,0.0,12.0,1.34164078649987,10.8333333333333,1.57938103206428,31.6666666666667,5.32081865046264,2.16666666666667,0.65404722901162
Magnolia,2024,186.265004913608,11.1492915465633,5.0,1.09544511501033,8.0,2.23606797749979,8.16666666666667,1.99025403180376,0.0,0.0,0.0,0.0,0.444444444444444,0.245511633607751,0.555555555555556,0.555555555555556,8.83333333333333,1.13773654439173,6.83333333333333,1.13773654439173,10.3333333333333,2.75277637627501,0.666666666666667,0.333333333333333
Magnolia,2022,113.518508998578,9.05837788136875,9.0,2.70801280154532,22.8333333333333,2.38630351054606,13.0,5.39135109844153,0.111111111111111,0.0762215933966706,0.0,0.0,4.0,1.47750009676741,1.11111111111111,1.11111111111111,3.83333333333333,1.24944432093275,11.5,2.04531986088566,26.6052631578947,6.08835756803669,0.333333333333333,0.210818510677892
Magnolia,2021,122.222222222222,13.0522217965816,0.0,0.0,19.0,5.20896662816468,8.66666666666667,4.43220537029191,0.0,0.0,0.0,0.0,,,,,14.6666666666667,3.48966728754731,14.6666666666667,2.66666666666667,0.666666666666667,0.421637021355784,2.0,0.730296743340222
McCurdy Point,2023,54.6072545340838,14.522154134143,0.5,0.5,32.3542180775991,8.63268690866761,15.3333333333333,2.62889922041738,0.0,0.0,0.0526315789473684,0.0526315789473684,0.0,0.0,0.421052631578947,0.421052631578947,0.5,0.341565025531987,0.333333333333333,0.333333333333333,1.0,0.632455532033676,0.166666666666667,0.166666666666667
McCurdy Point,2024,61.2741935483871,28.6493055584895,112.927536231884,58.4934732292243,56.5741276267592,21.2216390180584,143.157588590758,36.9157742004314,0.0555555555555556,0.0555555555555556,0.0555555555555556,0.0555555555555556,0.0,0.0,32.2222222222222,13.8692671853466,0.166666666666667,0.166666666666667,0.166666666666667,0.166666666666667,0.666666666666667,0.333333333333333,0.333333333333333,0.210818510677892
McCurdy Point,2022,19.1666666666667,4.49753018642207,125.043859649123,60.969435778162,11.6666666666667,6.09188896083236,16.6666666666667,4.95086973279555,0.111111111111111,0.111111111111111,0.111111111111111,0.0762215933966706,0.111111111111111,0.0762215933966706,0.0,0.0,0.833333333333333,0.30731814857643,1.33333333333333,0.557773351022717,0.166666666666667,0.166666666666667,0.5,0.341565025531987
McCurdy Point,2021,,,,,,,,,,,,,,,,,,,,,,,,
North Beach,2023,71.4031433622509,14.1425357955911,10.1666666666667,6.67041561257201,25.0833333333333,8.51510096501765,5.66666666666667,1.7256238807393,1.66666666666667,1.66666666666667,0.222222222222222,0.100831690330337,0.333333333333333,0.333333333333333,7.22222222222222,4.75240259536876,1.83333333333333,0.477260702109212,0.333333333333333,0.210818510677892,0.166666666666667,0.166666666666667,0.666666666666667,0.494413232473044
North Beach,2024,98.3841637911769,14.5620349933811,19.7857142857143,10.6197576102602,30.9561403508772,11.2480092968714,17.0,5.74456264653803,0.0555555555555556,0.0555555555555556,0.166666666666667,0.0903876907577734,0.0,0.0,13.8888888888889,7.80224908453015,0.166666666666667,0.166666666666667,0.5,0.341565025531987,0.0,0.0,0.333333333333333,0.333333333333333
North Beach,2022,57.0047864320702,13.5177384561497,17.3333333333333,6.48416875508684,19.0,7.62452184293109,10.1666666666667,6.20975934405764,0.0,0.0,0.0555555555555556,0.0555555555555556,0.0555555555555556,0.0555555555555556,0.0,0.0,0.0,0.0,0.333333333333333,0.210818510677892,0.0,0.0,0.166666666666667,0.166666666666667
North Beach,2021,101.619737930434,19.8564426740191,3.33333333333333,0.988826464946088,8.0,2.82842712474619,45.859649122807,21.0993983480437,0.5,0.341565025531987,0.0,0.0,,,,,3.0,0.447213595499958,2.0,0.516397779494322,0.0,0.0,1.66666666666667,1.30809445802324
Ogden Point,2023,6.66666666666667,2.89443911281232,2.0,0.930949336251263,2.83333333333333,1.55813278566937,28.3333333333333,10.6635412087688,0.0,0.0,0.0,0.0,0.0,0.0,0.0,0.0,0.0,0.0,0.0,0.0,0.333333333333333,0.333333333333333,0.0,0.0
Ogden Point,2024,19.8333333333333,6.35303951751531,5.0,2.63312235441753,1.5,0.562731433871138,11.8333333333333,4.14259714564561,0.0,0.0,0.0,0.0,0.0,0.0,0.0,0.0,0.0,0.0,0.0,0.0,0.0,0.0,0.0,0.0
Ogden Point,2022,,,,,,,,,,,,,,,,,,,,,,,,
Ogden Point,2021,,,,,,,,,,,,,,,,,,,,,,,,
Owen Beach,2023,24.6363636363636,9.23327913182369,11.6666666666667,4.06338665537887,12.3333333333333,6.77085256407525,3.66666666666667,1.45296631451356,1.05555555555556,0.73418943888576,1.55555555555556,0.270828096145107,0.0,0.0,0.0,0.0,0.833333333333333,0.401386485959743,1.0,0.516397779494322,1.83333333333333,0.792324288266981,0.0,0.0
Owen Beach,2024,76.0270325281687,27.4777093394728,6.33333333333333,2.29007520497569,28.0584255842558,11.5195953282017,18.8333333333333,7.91798234681314,0.833333333333333,0.667891032558867,1.05555555555556,0.328118245685575,5.61111111111111,5.55256455432917,0.0,0.0,0.166666666666667,0.166666666666667,1.66666666666667,0.494413232473044,3.0,0.516397779494322,0.0,0.0
Owen Beach,2022,,,,,,,,,,,,,,,,,,,,,,,,
Owen Beach,2021,,,,,,,,,,,,,,,,,,,,,,,,
Partridge Point,2023,20.5,6.15223536610881,4.16666666666667,2.78587708112026,1.66666666666667,0.843274042711568,12.8333333333333,7.29116664952263,0.0555555555555556,0.0555555555555556,0.0,0.0,0.0,0.0,4.27777777777778,1.71652018327161,0.0,0.0,0.0,0.0,0.0,0.0,5.16666666666667,2.57444708195328
Partridge Point,2024,19.3333333333333,4.73051559322848,4.0,2.06559111797729,0.5,0.223606797749979,25.1073446327684,11.7299268491808,0.1,0.0688247201611685,0.05,0.05,0.0,0.0,34.55,17.1549402122016,0.5,0.341565025531987,1.16666666666667,0.600925212577332,0.166666666666667,0.166666666666667,5.16666666666667,2.03988017077257
Partridge Point,2022,56.1698113207547,45.3994836161626,45.7956989247312,40.2740720403873,0.166666666666667,0.166666666666667,28.1816745655608,10.0441594147641,0.0,0.0,0.142857142857143,0.0970523172123939,0.0,0.0,3.92857142857143,1.73035055113908,0.0,0.0,0.666666666666667,0.333333333333333,0.166666666666667,0.166666666666667,5.16666666666667,1.35195331937822
Partridge Point,2021,,,,,,,,,,,,,,,,,,,,,,,,
Point Caution,2023,91.583820662768,47.5263188456514,6.0,3.80350715349224,25.9242424242424,8.04944830396242,9.66666666666667,3.8528488738133,0.0,0.0,0.0,0.0,0.0555555555555556,0.0555555555555556,55.5555555555556,18.0272528298043,1.0,0.516397779494322,1.5,0.670820393249937,2.16666666666667,0.833333333333333,0.0,0.0
Point Caution,2024,76.5814536340852,34.9927488816398,6.66666666666667,4.27135159457103,17.0,7.94984276574072,6.33333333333333,3.22145584755989,0.277777777777778,0.225868773799052,0.0,0.0,0.388888888888889,0.244399877101807,5.55555555555556,5.55555555555556,0.166666666666667,0.166666666666667,1.5,0.763762615825973,2.33333333333333,0.881917103688197,0.0,0.0
Point Caution,2022,4.0,2.2949219304078,4.66666666666667,2.61618891604648,58.3052657724789,24.8453256482163,8.83333333333333,3.61862466200136,0.333333333333333,0.333333333333333,0.0,0.0,0.0,0.0,3.25,2.90538945389218,0.333333333333333,0.210818510677892,1.5,0.562731433871138,2.0,0.447213595499958,0.0,0.0
Point Caution,2021,,,,,,,,,,,,,,,,,,,,,,,,
Point Dalco,2023,465.181818181818,56.5062857616612,49.7988505747126,43.0000962462091,4.5,3.39362146779317,93.4655172413793,53.3144708147426,0.277777777777778,0.225868773799052,0.277777777777778,0.108632484565978,1.44444444444444,1.44444444444444,0.0,0.0,0.833333333333333,0.477260702109212,15.1666666666667,7.29116664952263,5.33333333333333,2.71620650499512,0.0,0.0
Point Dalco,2024,128.517107463734,37.6879743752803,1.5,1.1474609652039,7.83333333333333,3.0267327452405,183.5,89.0354798193769,0.666666666666667,0.291491544065069,0.277777777777778,0.135414048072553,2.44444444444444,1.92374604302484,0.0,0.0,5.0,2.96647939483827,1.0,0.632455532033676,7.5,1.47761068395343,0.0,0.0
Point Dalco,2022,,,,,,,,,,,,,,,,,,,,,,,,
Point Dalco,2021,,,,,,,,,,,,,,,,,,,,,,,,
Point Vashon,2023,109.366239256703,27.6957170305072,14.6666666666667,3.24208437754342,12.6666666666667,3.31327297061045,14.1666666666667,3.86795955396526,0.0,0.0,0.578947368421053,0.176313607388086,0.0,0.0,0.0,0.0,0.166666666666667,0.166666666666667,1.33333333333333,0.802772971919486,1.5,0.428174419288838,0.666666666666667,0.333333333333333
Point Vashon,2024,116.070512820513,52.6660241546956,8.5,5.54827300457839,5.0,1.96638416050035,18.5,9.54550505037144,0.277777777777778,0.225868773799052,0.5,0.145745772032534,0.0555555555555556,0.0555555555555556,0.0,0.0,0.333333333333333,0.333333333333333,1.5,0.341565025531987,1.0,0.516397779494322,0.166666666666667,0.166666666666667
Point Vashon,2022,183.274509803922,88.9191131813953,7.0,2.47655674946756,10.1666666666667,5.10174262167132,56.8418803418803,37.0420326293451,0.0,0.0,0.444444444444444,0.184748941504609,0.0,0.0,0.0,0.0,4.0,2.17562251627743,1.33333333333333,0.614636297152859,1.16666666666667,0.600925212577332,0.0,0.0
Point Vashon,2021,,,,,,,,,,,,,,,,,,,,,,,,
Point Whitehorn,2023,158.0617033324,41.8713482355819,34.0,3.51188458428425,16.5,3.50951088709904,68.0724619825401,10.9620210278354,0.0,0.0,0.111111111111111,0.0762215933966706,0.0,0.0,8.77777777777778,8.31902911770042,0.0,0.0,7.83333333333333,1.83333333333333,19.3333333333333,3.10555058636056,8.66666666666667,1.54200446749605
Point Whitehorn,2024,219.666666666667,104.905883745596,1.33333333333333,1.14503760248784,10.1666666666667,4.26940016603946,28.5864661654135,12.7870972996276,0.0,0.0,0.111111111111111,0.0762215933966706,0.0,0.0,0.0,0.0,2.66666666666667,1.97765292989218,9.5,3.87943294825416,6.16666666666667,2.72539497647181,5.5,1.64823137534348
Point Whitehorn,2022,80.7476977518817,18.3076588241061,16.8333333333333,4.98274801467802,14.1666666666667,2.50887314235783,42.0926916221034,18.5036788732338,0.0,0.0,0.125,0.0853912563829966,0.0,0.0,0.0,0.0,0.0,0.0,9.0,1.82574185835055,13.5,2.07765893896632,10.8333333333333,3.19808970758761
Point Whitehorn,2021,,,,,,,,,,,,,,,,,,,,,,,,
Possession Point,2023,130.471256591274,28.0627828706209,1.16666666666667,0.833333333333333,18.0,5.32290647422377,1.16666666666667,0.477260702109212,0.0555555555555556,0.0555555555555556,0.0555555555555556,0.0555555555555556,13.8888888888889,9.30207963566714,5.16666666666667,2.37394627467276,2.5,1.58640053790544,0.666666666666667,0.333333333333333,8.16666666666667,1.79660173042825,2.0,0.894427190999916
Possession Point,2024,257.420858164363,61.8447738409674,0.333333333333333,0.210818510677892,7.5,1.36014705087354,10.1666666666667,7.19451951912781,1.05555555555556,0.838112656497827,0.0,0.0,72.7777777777778,28.6151561326131,0.0,0.0,0.166666666666667,0.166666666666667,1.0,0.365148371670111,5.0,1.36626010212795,1.33333333333333,1.14503760248784
Possession Point,2022,,,,,,,,,,,,,,,,,,,,,,,,
Possession Point,2021,,,,,,,,,,,,,,,,,,,,,,,,
Pulali Point,2023,0.5,0.5,0.0,0.0,0.0,0.0,0.0,0.0,2.15,1.57659693477339,0.1,0.0688247201611685,0.0,0.0,2.0,2.0,0.0,0.0,0.5,0.341565025531987,4.0,1.31656117720877,0.0,0.0
Pulali Point,2024,0.0,0.0,0.0,0.0,0.0,0.0,0.0,0.0,0.0,0.0,0.0555555555555556,0.0555555555555556,0.0,0.0,0.0,0.0,0.166666666666667,0.166666666666667,0.5,0.223606797749979,5.66666666666667,1.02198064778373,0.5,0.5
Pulali Point,2022,2.16666666666667,2.16666666666667,1.0,0.447213595499958,0.0,0.0,0.0,0.0,0.777777777777778,0.338736170453593,0.0,0.0,7.66666666666667,4.17039049283698,0.0,0.0,5.83333333333333,3.17717554510991,2.33333333333333,1.22927259430572,6.0,1.93218356615859,0.166666666666667,0.166666666666667
Pulali Point,2021,,,,,,,,,,,,,,,,,,,,,,,,
Reef Point,2023,57.5934632436334,29.3241181450189,88.7466148084126,53.8342822818087,7.16666666666667,3.8593321241433,60.0830280830281,43.1679634906345,0.1,0.0688247201611685,0.15,0.109424330980483,0.0,0.0,0.85,0.85,0.333333333333333,0.210818510677892,0.0,0.0,0.333333333333333,0.210818510677892,0.333333333333333,0.333333333333333
Reef Point,2024,70.7099567099567,30.6372458792694,48.6596699890079,18.6789725958596,41.7296137339056,10.7955577551627,119.936936936937,84.4173054203189,0.0,0.0,0.111111111111111,0.111111111111111,0.0,0.0,0.0,0.0,0.5,0.341565025531987,0.0,0.0,0.166666666666667,0.166666666666667,0.0,0.0
Reef Point,2022,,,,,,,,,,,,,,,,,,,,,,,,
Reef Point,2021,,,,,,,,,,,,,,,,,,,,,,,,
Reuben Tarte,2023,19.1666666666667,6.7301147422941,1.0,0.683130051063973,3.16666666666667,1.86934331904133,0.0,0.0,0.0,0.0,0.0,0.0,0.0,0.0,0.0,0.0,0.666666666666667,0.666666666666667,0.0,0.0,6.66666666666667,0.881917103688197,0.0,0.0
Reuben Tarte,2024,15.1666666666667,4.0117881853912,2.66666666666667,1.14503760248784,2.33333333333333,0.557773351022717,0.0,0.0,0.0,0.0,0.0434782608695652,0.0434782608695652,0.0,0.0,93.9130434782609,40.2216641251203,0.0,0.0,0.0,0.0,1.83333333333333,0.945750730607407,0.0,0.0
Reuben Tarte,2022,20.2878787878788,12.0912375591443,0.166666666666667,0.166666666666667,6.83333333333333,5.30041927062798,0.0,0.0,0.0,0.0,0.105263157894737,0.0723351864143449,0.0,0.0,4.73684210526316,4.73684210526316,0.5,0.5,0.0,0.0,11.0,4.05791407827552,0.0,0.0
Reuben Tarte,2021,,,,,,,,,,,,,,,,,,,,,,,,
Rock 305,2023,,,,,,,,,,,,,,,,,,,,,,,,
Rock 305,2024,2.83333333333333,1.90467261695489,0.0,0.0,0.0,0.0,0.666666666666667,0.494413232473044,2.36842105263158,0.705908755744937,0.0,0.0,0.263157894736842,0.214150098521644,0.0,0.0,0.0,0.0,0.166666666666667,0.166666666666667,0.333333333333333,0.210818510677892,2.33333333333333,2.13957420478416
Rock 305,2022,,,,,,,,,,,,,,,,,,,,,,,,
Rock 305,2021,,,,,,,,,,,,,,,,,,,,,,,,
Rosario Head,2023,45.0409300425929,14.0294500589046,16.8952802359882,10.6450256434045,5.33333333333333,2.55168789453395,17.5,14.5183791565496,0.166666666666667,0.0903876907577734,0.0555555555555556,0.0555555555555556,2.83333333333333,2.50261301351704,37.7777777777778,24.3014235516691,0.5,0.223606797749979,0.333333333333333,0.333333333333333,0.5,0.5,0.0,0.0
Rosario Head,2024,35.641975308642,14.9283815847985,27.9724409448819,19.6660498170586,18.5806451612903,13.6137797200372,0.333333333333333,0.210818510677892,0.210526315789474,0.12280701754386,0.0,0.0,0.0,0.0,6.84210526315789,5.0756056636805,0.333333333333333,0.210818510677892,0.333333333333333,0.210818510677892,0.0,0.0,0.0,0.0
Rosario Head,2022,20.1428571428571,11.4480785899364,1.0,1.0,12.0,6.75277720645365,7.16666666666667,2.83333333333333,0.0555555555555556,0.0555555555555556,0.0555555555555556,0.0555555555555556,0.0,0.0,29.7222222222222,11.3649517295098,0.333333333333333,0.210818510677892,0.333333333333333,0.333333333333333,0.0,0.0,1.16666666666667,0.833333333333333
Rosario Head,2021,,,,,,,,,,,,,,,,,,,,,,,,
Salmon Beach,2023,186.844073960375,79.0811664306793,120.255725255003,24.4058698688849,164.614176212357,66.5378842858651,351.099642497848,63.2060367566333,5.5,1.5,1.5,0.428174419288838,85.6666666666667,45.7250235404836,0.0,0.0,2.33333333333333,1.49814700361628,0.5,0.341565025531987,1.83333333333333,0.833333333333333,0.5,0.5
Salmon Beach,2024,150.304895104895,42.2293208811164,54.3189448441247,13.2414417104554,130.110062893082,66.7031689110139,292.463796223341,82.9994299596563,6.33333333333333,2.45854518861144,0.833333333333333,0.401386485959743,90.6666666666667,19.8001122331275,0.0,0.0,1.66666666666667,0.666666666666667,0.5,0.341565025531987,1.16666666666667,0.477260702109212,0.0,0.0
Salmon Beach,2022,,,,,,,,,,,,,,,,,,,,,,,,
Salmon Beach,2021,,,,,,,,,,,,,,,,,,,,,,,,
Saltwater State Park,2023,56.1990733052114,19.920468366127,20.7204724409449,10.1313641655873,0.833333333333333,0.401386485959743,0.0,0.0,0.611111111111111,0.183268952847189,0.0555555555555556,0.0555555555555556,19.1666666666667,9.85855853918757,6.22222222222222,3.23032562307302,2.33333333333333,0.843274042711568,1.33333333333333,0.421637021355784,8.83333333333333,1.75910330692783,0.0,0.0
Saltwater State Park,2024,42.0555555555556,20.4211975320248,2.66666666666667,1.76383420737639,0.0,0.0,0.0,0.0,0.555555555555556,0.201663380660673,0.0,0.0,1.66666666666667,1.66666666666667,2.77777777777778,2.77777777777778,0.0,0.0,1.16666666666667,0.477260702109212,13.5,4.41776715849383,0.333333333333333,0.333333333333333
Saltwater State Park,2022,,,,,,,,,,,,,,,,,,,,,,,,
Saltwater State Park,2021,,,,,,,,,,,,,,,,,,,,,,,,
Seattle Waterfront,2023,51.0088383838384,22.1407704129885,0.333333333333333,0.210818510677892,1.0,0.632455532033676,29.0555555555556,25.0910071933214,0.666666666666667,0.494413232473044,0.0,0.0,3.83333333333333,0.703167436990966,0.0,0.0,1.66666666666667,1.08525470640665,4.16666666666667,0.909822937597079,2.33333333333333,0.666666666666667,0.0,0.0
Seattle Waterfront,2024,99.5271002710027,46.4130892493258,0.833333333333333,0.833333333333333,0.5,0.5,11.6666666666667,9.4715949613099,0.166666666666667,0.166666666666667,0.0,0.0,5.16666666666667,4.96935050529186,0.0,0.0,3.0,1.36626010212795,2.83333333333333,0.703167436990966,13.1666666666667,4.25375650977397,0.333333333333333,0.210818510677892
Seattle Waterfront,2022,144.528409090909,48.4609305722139,0.666666666666667,0.666666666666667,18.5,11.0867789130417,52.3333333333333,33.388288033048,0.0,0.0,0.0,0.0,0.0,0.0,50.0,50.0,3.83333333333333,1.44721955640616,3.16666666666667,1.22247472139282,2.83333333333333,1.49257421181587,0.333333333333333,0.333333333333333
Seattle Waterfront,2021,,,,,,,,,,,,,,,,,,,,,,,,
Sekiu Point,2023,20.1666666666667,3.88515693948706,12.1666666666667,3.55355846691423,4.5,1.83938395484285,4.33333333333333,1.85592145427667,0.0,0.0,0.111111111111111,0.0762215933966706,0.0,0.0,83.6111111111111,29.5881466825887,0.0,0.0,0.0,0.0,0.5,0.223606797749979,2.33333333333333,0.557773351022717
Sekiu Point,2024,16.3333333333333,5.28940240270844,6.0,3.17280107581088,13.0,6.14817045957576,12.6666666666667,2.21610268514595,0.5,0.232210182006412,0.0,0.0,0.0,0.0,86.1111111111111,51.7354942499524,0.166666666666667,0.166666666666667,0.166666666666667,0.166666666666667,0.0,0.0,1.83333333333333,0.65404722901162
Sekiu Point,2022,,,,,,,,,,,,,,,,,,,,,,,,
Sekiu Point,2021,,,,,,,,,,,,,,,,,,,,,,,,
Sirens of Spring,2023,,,,,,,,,,,,,,,,,,,,,,,,
Sirens of Spring,2024,25.8333333333333,5.72373227108948,0.0,0.0,1.33333333333333,0.333333333333333,0.166666666666667,0.166666666666667,0.666666666666667,0.666666666666667,0.0,0.0,0.0,0.0,0.0,0.0,0.666666666666667,0.210818510677892,1.66666666666667,0.333333333333333,15.3333333333333,1.89150146121481,0.166666666666667,0.166666666666667
Sirens of Spring,2022,,,,,,,,,,,,,,,,,,,,,,,,
Sirens of Spring,2021,,,,,,,,,,,,,,,,,,,,,,,,
Smallpox Bay,2023,93.9437229437229,41.9245008696308,0.5,0.5,2.83333333333333,1.07754865834964,0.166666666666667,0.166666666666667,0.947368421052632,0.743288426818065,0.0526315789473684,0.0526315789473684,0.736842105263158,0.736842105263158,6.31578947368421,6.31578947368421,0.5,0.341565025531987,0.0,0.0,0.0,0.0,0.166666666666667,0.166666666666667
Smallpox Bay,2024,110.187067594135,36.9102193752801,0.5,0.223606797749979,2.66666666666667,0.954521404218424,0.166666666666667,0.166666666666667,0.0526315789473684,0.0526315789473684,0.0,0.0,4.15789473684211,1.57328419097862,0.0,0.0,0.166666666666667,0.166666666666667,0.0,0.0,0.0,0.0,0.166666666666667,0.166666666666667
Smallpox Bay,2022,37.9375,13.3274368472211,1.16666666666667,1.16666666666667,3.16666666666667,1.70130668735665,0.333333333333333,0.210818510677892,0.0,0.0,0.0555555555555556,0.0555555555555556,0.0,0.0,43.3333333333333,18.0232239432125,0.666666666666667,0.333333333333333,0.0,0.0,0.0,0.0,0.0,0.0
Smallpox Bay,2021,,,,,,,,,,,,,,,,,,,,,,,,
Smith Island,2023,71.3456079958933,28.3379118040168,1.83333333333333,1.64147630029935,0.5,0.341565025531987,74.887607201372,14.4259511121447,0.0555555555555556,0.0555555555555556,0.0,0.0,0.0,0.0,0.0,0.0,0.666666666666667,0.666666666666667,0.166666666666667,0.166666666666667,0.333333333333333,0.210818510677892,2.66666666666667,0.954521404218424
Smith Island,2024,94.7576988614223,22.8704307159892,143.485937389584,55.1165885029588,59.6499202551834,13.4478639146152,206.518889546153,57.2864505448671,0.0,0.0,0.0,0.0,0.0,0.0,20.0,13.6626010212795,0.833333333333333,0.542627353203324,0.333333333333333,0.333333333333333,0.666666666666667,0.421637021355784,0.833333333333333,0.477260702109212
Smith Island,2022,,,,,,,,,,,,,,,,,,,,,,,,
Smith Island,2021,,,,,,,,,,,,,,,,,,,,,,,,
South Hat Island,2023,123.025680711165,29.3058988900414,0.0,0.0,0.166666666666667,0.166666666666667,23.8333333333333,9.32886797943769,0.0,0.0,0.0476190476190476,0.0476190476190476,20.3809523809524,13.0220465421194,1.42857142857143,1.42857142857143,0.333333333333333,0.210818510677892,1.66666666666667,0.421637021355784,4.83333333333333,0.542627353203324,4.16666666666667,0.945750730607407
South Hat Island,2024,133.454653344403,34.1899118789043,0.333333333333333,0.333333333333333,16.8333333333333,4.28498671072748,66.0562913907285,13.5945901646557,0.0,0.0,0.0555555555555556,0.0555555555555556,10.5,6.12145589073565,0.0,0.0,0.0,0.0,1.16666666666667,0.30731814857643,1.33333333333333,0.954521404218424,2.83333333333333,0.600925212577332
South Hat Island,2022,113.422149122807,38.9982754821754,0.0,0.0,2.0,1.03279555898864,20.3333333333333,8.58939915115008,0.0,0.0,0.111111111111111,0.0762215933966706,1.66666666666667,1.66666666666667,0.333333333333333,0.333333333333333,0.666666666666667,0.494413232473044,4.66666666666667,1.38242942355518,3.33333333333333,3.13758576686669,3.83333333333333,1.44721955640616
South Hat Island,2021,,,,,,,,,,,,,,,,,,,,,,,,
Spring Bay,2023,36.411231884058,16.1247261316863,0.166666666666667,0.166666666666667,0.0,0.0,0.833333333333333,0.833333333333333,0.166666666666667,0.166666666666667,0.0,0.0,0.0,0.0,26.6666666666667,26.6666666666667,0.5,0.341565025531987,0.0,0.0,1.5,0.718795288428261,0.0,0.0
Spring Bay,2024,55.3839522817339,27.8026416905918,0.333333333333333,0.210818510677892,3.33333333333333,2.95145914949049,7.83333333333333,6.66041373422936,0.5,0.223606797749979,0.166666666666667,0.166666666666667,0.0,0.0,0.0,0.0,0.0,0.0,3.5,1.66833250083229,1.0,0.447213595499958,0.166666666666667,0.166666666666667
Spring Bay,2022,,,,,,,,,,,,,,,,,,,,,,,,
Spring Bay,2021,,,,,,,,,,,,,,,,,,,,,,,,
Squaxin Island,2023,102.60913857442,27.5482439473032,81.7766018536554,28.4836305594762,0.0,0.0,1.33333333333333,1.14503760248784,0.666666666666667,0.666666666666667,0.0,0.0,0.166666666666667,0.166666666666667,0.0,0.0,2.5,1.28452325786651,3.33333333333333,0.557773351022717,3.5,2.57875939164553,0.166666666666667,0.166666666666667
Squaxin Island,2024,77.6589446589446,34.2486174727848,247.016129032258,79.4267786289453,3.5,2.5,0.0,0.0,0.0,0.0,2.16666666666667,0.833333333333333,0.5,0.5,0.0,0.0,16.5,10.5790673817056,2.5,0.61913918736689,7.16666666666667,2.27180789485183,0.666666666666667,0.421637021355784
Squaxin Island,2022,1.83333333333333,1.47007180474666,55.6337401474701,11.8409559286503,8.0,4.35889894354067,0.333333333333333,0.333333333333333,0.0,0.0,0.0,0.0,0.0,0.0,0.0,0.0,3.33333333333333,0.881917103688197,5.66666666666667,1.83787316694536,0.0,0.0,1.16666666666667,0.477260702109212
Squaxin Island,2021,213.256424556639,51.9248533383231,16.0,6.83130051063973,25.3333333333333,16.4086697950944,7.33333333333333,4.66666666666667,0.0,0.0,0.0,0.0,,,,,1.66666666666667,1.08525470640665,5.33333333333333,2.29007520497569,0.0,0.0,4.0,0.894427190999916
Sund Rock,2023,3.66666666666667,1.83787316694536,0.166666666666667,0.166666666666667,0.0,0.0,0.0,0.0,1.11111111111111,0.615108730963698,0.0,0.0,0.0555555555555556,0.0555555555555556,0.0,0.0,0.0,0.0,1.83333333333333,0.872416821886827,2.83333333333333,0.833333333333333,2.33333333333333,2.13957420478416
Sund Rock,2024,14.1666666666667,11.3267137530903,0.0,0.0,0.0,0.0,0.0,0.0,0.263157894736842,0.14989480254943,0.0,0.0,0.0526315789473684,0.0526315789473684,0.0,0.0,0.166666666666667,0.166666666666667,0.666666666666667,0.333333333333333,2.33333333333333,0.210818510677892,2.5,2.5
Sund Rock,2022,28.895881006865,16.3614076873676,6.0,3.82099463490856,0.0,0.0,0.0,0.0,1.0,0.291491544065069,0.0,0.0,4.61111111111111,3.06587680459818,0.833333333333333,0.833333333333333,1.5,0.61913918736689,0.833333333333333,0.477260702109212,8.16666666666667,0.477260702109212,0.0,0.0
Sund Rock,2021,,,,,,,,,,,,,,,,,,,,,,,,
Teahwhit Head,2023,,,,,,,,,,,,,,,,,,,,,,,,
Teahwhit Head,2024,0.0,0.0,0.0,0.0,0.0,0.0,13.3333333333333,10.6385044897193,1.73684210526316,0.263157894736842,0.0,0.0,0.0,0.0,0.0,0.0,0.0,0.0,0.0,0.0,0.333333333333333,0.210818510677892,1.66666666666667,0.494413232473044
Teahwhit Head,2022,,,,,,,,,,,,,,,,,,,,,,,,
Teahwhit Head,2021,,,,,,,,,,,,,,,,,,,,,,,,
Titlow Beach,2023,214.216949240691,94.6700287951399,22.5,7.79209000632479,24.6532567049808,7.73195099322822,13.1666666666667,2.52212432507026,1.16666666666667,0.40624214421766,1.66666666666667,0.291491544065069,2.0,1.9419685450762,1.44444444444444,1.14109860555354,1.5,0.562731433871138,1.0,0.447213595499958,0.166666666666667,0.166666666666667,0.166666666666667,0.166666666666667
Titlow Beach,2024,150.528558930134,48.619669892204,28.0925925925926,7.97967668861776,56.6944444444444,35.0992881817309,11.5,5.05140244552606,0.611111111111111,0.230641176321489,2.16666666666667,0.493420765967122,24.2777777777778,14.5864126845373,0.0,0.0,4.5,1.91049731745428,1.33333333333333,0.421637021355784,6.16666666666667,1.40039676917333,0.0,0.0
Titlow Beach,2022,,,,,,,,,,,,,,,,,,,,,,,,
Titlow Beach,2021,,,,,,,,,,,,,,,,,,,,,,,,
Tongue Point,2023,0.333333333333333,0.333333333333333,50.2498880429915,23.701114713564,64.4992536199433,26.9428020373646,56.4283021062529,25.2094051479487,0.05,0.05,0.05,0.05,0.0,0.0,135.15,27.3945129926645,0.0,0.0,0.0,0.0,1.0,1.0,4.66666666666667,1.40633487398193
Tongue Point,2024,0.333333333333333,0.210818510677892,87.4863234111022,43.5462400149982,146.964830215951,33.1443565058025,109.826383748664,41.4378876921244,0.0,0.0,0.05,0.05,0.0,0.0,191.6,50.4514044455287,0.0,0.0,0.0,0.0,0.0,0.0,1.83333333333333,0.542627353203324
Tongue Point,2022,,,,,,,,,,,,,,,,,,,,,,,,
Tongue Point,2021,,,,,,,,,,,,,,,,,,,,,,,,
Watmough Bay,2023,82.1397124887691,47.8548524710323,0.333333333333333,0.210818510677892,12.0,7.81878080862569,24.3333333333333,6.35435109021982,0.166666666666667,0.121267812518167,0.0,0.0,0.0,0.0,58.0555555555556,25.9686175891527,0.0,0.0,0.0,0.0,0.0,0.0,0.166666666666667,0.166666666666667
Watmough Bay,2024,114.15611814346,83.7809172448816,1.33333333333333,0.714920352984241,31.4803921568627,16.3727233758475,19.1666666666667,5.18598538798987,0.85,0.243602350693005,0.0,0.0,0.0,0.0,0.75,0.75,0.0,0.0,0.333333333333333,0.210818510677892,0.0,0.0,0.0,0.0
Watmough Bay,2022,,,,,,,,,,,,,,,,,,,,,,,,
Watmough Bay,2021,,,,,,,,,,,,,,,,,,,,,,,,
Whytecliff Park,2023,,,,,,,,,,,,,,,,,,,,,,,,
Whytecliff Park,2024,20.5869565217391,13.0782326838272,0.0,0.0,0.0,0.0,0.0,0.0,0.75,0.270233816887291,0.1,0.0688247201611685,26.55,6.69621849294534,1.3,1.3,0.0,0.0,0.0,0.0,2.83333333333333,1.13773654439173,0.833333333333333,0.65404722901162
Whytecliff Park,2022,,,,,,,,,,,,,,,,,,,,,,,,
Whytecliff Park,2021,,,,,,,,,,,,,,,,,,,,,,,,
Wing Point,2023,448.840909090909,185.573136380999,14.6666666666667,6.01479656994131,5.66666666666667,3.27278338896895,0.0,0.0,0.0,0.0,0.0,0.0,1.5,1.31021626713557,0.0,0.0,9.83333333333333,3.28041325309954,7.16666666666667,1.60034718455437,5.0,1.6532795690183,0.833333333333333,0.401386485959743
Wing Point,2024,297.690476190476,72.8118292014102,25.8333333333333,4.98943327888493,5.33333333333333,0.843274042711568,0.0,0.0,0.0,0.0,0.0,0.0,13.0555555555556,3.71841576904974,27.7777777777778,27.7777777777778,15.8333333333333,1.93935842770518,3.0,0.816496580927726,0.5,0.223606797749979,0.0,0.0
Wing Point,2022,316.992063492063,78.524165117705,0.0,0.0,3.33333333333333,1.66666666666667,0.0,0.0,0.722222222222222,0.558976396169122,0.0,0.0,5.44444444444444,2.73469863345699,0.0,0.0,5.33333333333333,1.35810325249756,4.33333333333333,1.35810325249756,1.83333333333333,0.909822937597079,0.333333333333333,0.210818510677892
Wing Point,2021,289.162605560521,73.5304939629104,0.666666666666667,0.666666666666667,5.33333333333333,1.33333333333333,0.0,0.0,0.333333333333333,0.210818510677892,0.0,0.0,,,,,16.6666666666667,5.85756870306368,15.6666666666667,1.89150146121481,0.0,0.0,0.333333333333333,0.333333333333333
